<?xml version="1.0" encoding="UTF-8"?>
<!DOCTYPE hibernate-configuration SYSTEM 
"http://www.hibernate.org/dtd/hibernate-configuration-3.0.dtd">
<hibernate-configuration>
	<session-factory>
		<property name="hibernate.connection.driver_class">org.postgresql.Driver</property>
		<property name="hibernate.connection.url">jdbc:postgresql://localhost:5432/postgres</property>	
		<property name="hibernate.connection.username">postgres</property>
		<property name="hibernate.connection.password">postgres</property>
	<!-- 	<property name="hibernate.hbm2ddl.auto">update</property>  -->
		<property name="show_sql">true</property>
		<mapping class="com.garib.bean.Account"/>
		<mapping class="com.garib.bean.Customer"/>
		<mapping class="com.garib.bean.Transaction"/>
	</session-factory>
</hibernate-configuration>